sender,listener,tx_sync,rx_sync,power_dbm,sent,preambles,headers,header_errors,crc_errors,frames
none,meshcore,,0x12,,0,,,,0,0
meshcore,tern,0x12,0x12,2,30,63,30,0,0,30
tern,meshcore,0x12,0x12,2,30,,,,0,30
meshcore,tern,0x12,0x5E,2,30,91,0,0,0,0
tern,meshcore,0x5E,0x12,2,30,,,,0,0
meshcore,tern,0x12,0x67,2,30,93,0,4,0,0
tern,meshcore,0x67,0x12,2,30,,,,0,0
meshcore,tern,0x12,0x2B,2,30,88,0,3,0,0
tern,meshcore,0x2B,0x12,2,30,,,,0,1
meshcore,tern,0x12,0x34,2,30,85,0,2,0,0
tern,meshcore,0x34,0x12,2,30,,,,0,0
meshcore,tern,0x12,0x12,2,30,67,30,0,0,30
tern,meshcore,0x12,0x12,2,30,,,,0,30
meshcore,tern,0x12,0x12,22,30,63,30,0,0,30
tern,meshcore,0x12,0x12,22,30,,,,0,15
meshcore,tern,0x12,0x5E,22,30,89,0,0,0,0
tern,meshcore,0x5E,0x12,22,30,,,,0,0
meshcore,tern,0x12,0x67,22,30,82,0,0,0,0
tern,meshcore,0x67,0x12,22,30,,,,0,0
meshcore,tern,0x12,0x2B,22,30,84,0,0,0,0
tern,meshcore,0x2B,0x12,22,30,,,,0,0
meshcore,tern,0x12,0x34,22,30,92,0,3,0,0
tern,meshcore,0x34,0x12,22,30,,,,0,0
meshcore,tern,0x12,0x12,22,30,63,30,0,0,30
tern,meshcore,0x12,0x12,22,30,,,,0,17
