sender,listener,tx_sync,rx_sync,power_dbm,sent,preambles,headers,header_errors,crc_errors,frames,false_preambles
meshtastic,tern,0x2B,0x2B,2,30,32,30,0,0,30,
tern,meshtastic,0x2B,0x2B,2,30,,,,0,30,0
meshtastic,tern,0x2B,0x5E,2,30,31,0,0,0,0,
tern,meshtastic,0x5E,0x2B,2,30,,,,0,0,0
meshtastic,tern,0x2B,0x67,2,30,31,0,0,0,0,
tern,meshtastic,0x67,0x2B,2,30,,,,0,0,0
meshtastic,tern,0x2B,0x12,2,30,33,0,9,0,0,
tern,meshtastic,0x12,0x2B,2,30,,,,0,0,0
meshtastic,tern,0x2B,0x34,2,30,32,0,0,0,0,
tern,meshtastic,0x34,0x2B,2,30,,,,0,0,0
meshtastic,tern,0x2B,0x2B,2,30,30,30,0,0,30,
tern,meshtastic,0x2B,0x2B,2,30,,,,0,30,0
meshtastic,tern,0x2B,0x2B,22,31,31,31,0,0,31,
tern,meshtastic,0x2B,0x2B,22,30,,,,0,30,0
meshtastic,tern,0x2B,0x5E,22,30,34,0,0,0,0,
tern,meshtastic,0x5E,0x2B,22,30,,,,2,0,0
meshtastic,tern,0x2B,0x67,22,30,33,0,0,0,0,
tern,meshtastic,0x67,0x2B,22,30,,,,0,1,0
meshtastic,tern,0x2B,0x12,22,30,30,0,4,0,0,
tern,meshtastic,0x12,0x2B,22,30,,,,0,0,0
meshtastic,tern,0x2B,0x34,22,30,31,0,0,0,0,
tern,meshtastic,0x34,0x2B,22,30,,,,0,0,0
meshtastic,tern,0x2B,0x2B,22,30,31,30,0,0,30,
tern,meshtastic,0x2B,0x2B,22,30,,,,1,29,0
