sender,listener,tx_sync,rx_sync,power_dbm,sent,preambles,headers,header_errors,crc_errors,frames,test_frames,others,rssi_dbm,snr_cdb
none,A,,0x5E,,0,1,0,0,0,0,0,0,,
none,A,,0x67,,0,1,0,0,0,0,0,0,,
none,A,,0x2B,,0,0,0,0,0,0,0,0,,
none,A,,0x12,,0,0,0,0,0,0,0,0,,
none,A,,0x34,,0,1,0,0,0,0,0,0,,
none,B,,0x5E,,0,0,0,0,0,0,0,0,,
none,B,,0x67,,0,0,0,0,0,0,0,0,,
none,B,,0x2B,,0,0,0,0,0,0,0,0,,
none,B,,0x12,,0,0,0,0,0,0,0,0,,
none,B,,0x34,,0,0,0,0,0,0,0,0,,
A,B,0x5E,0x5E,-9,100,100,100,0,0,100,100,0,-29,1094
A,B,0x5E,0x67,-9,100,100,0,0,0,0,0,0,,
A,B,0x5E,0x2B,-9,100,100,0,0,0,0,0,0,,
A,B,0x5E,0x12,-9,100,101,0,0,0,0,0,0,,
A,B,0x5E,0x34,-9,100,103,0,0,0,0,0,0,,
A,B,0x67,0x5E,-9,100,102,0,0,0,0,0,0,,
A,B,0x67,0x67,-9,100,100,100,0,0,100,100,0,-29,1091
A,B,0x67,0x2B,-9,100,100,0,0,0,0,0,0,,
A,B,0x67,0x12,-9,100,102,0,0,0,0,0,0,,
A,B,0x67,0x34,-9,100,102,0,0,0,0,0,0,,
A,B,0x2B,0x5E,-9,100,100,0,0,0,0,0,0,,
A,B,0x2B,0x67,-9,100,101,0,0,0,0,0,0,,
A,B,0x2B,0x2B,-9,100,100,100,0,0,100,100,0,-29,1099
A,B,0x2B,0x12,-9,100,101,0,23,0,0,0,0,,
A,B,0x2B,0x34,-9,100,100,0,0,0,0,0,0,,
A,B,0x12,0x5E,-9,100,101,0,0,0,0,0,0,,
A,B,0x12,0x67,-9,100,100,0,0,0,0,0,0,,
A,B,0x12,0x2B,-9,100,101,0,15,0,0,0,0,,
A,B,0x12,0x12,-9,100,100,100,0,0,100,100,0,-29,1088
A,B,0x12,0x34,-9,100,101,0,0,0,0,0,0,,
A,B,0x34,0x5E,-9,100,100,0,0,0,0,0,0,,
A,B,0x34,0x67,-9,100,100,0,0,0,0,0,0,,
A,B,0x34,0x2B,-9,100,100,0,0,0,0,0,0,,
A,B,0x34,0x12,-9,100,101,0,0,0,0,0,0,,
A,B,0x34,0x34,-9,100,101,100,0,0,100,100,0,-29,1092
A,B,0x5E,0x5E,22,100,100,100,0,0,100,100,0,0,1122
A,B,0x5E,0x67,22,100,102,0,0,0,0,0,0,,
A,B,0x5E,0x2B,22,100,101,0,0,0,0,0,0,,
A,B,0x5E,0x12,22,100,100,0,0,0,0,0,0,,
A,B,0x5E,0x34,22,100,100,0,0,0,0,0,0,,
A,B,0x67,0x5E,22,100,100,0,0,0,0,0,0,,
A,B,0x67,0x67,22,100,100,100,0,0,100,100,0,0,1121
A,B,0x67,0x2B,22,100,102,0,0,0,0,0,0,,
A,B,0x67,0x12,22,100,101,0,0,0,0,0,0,,
A,B,0x67,0x34,22,100,100,0,0,0,0,0,0,,
A,B,0x2B,0x5E,22,100,101,0,0,0,0,0,0,,
A,B,0x2B,0x67,22,100,100,0,0,0,0,0,0,,
A,B,0x2B,0x2B,22,100,100,100,0,0,100,100,0,0,1130
A,B,0x2B,0x12,22,100,100,0,10,0,0,0,0,,
A,B,0x2B,0x34,22,100,101,0,0,0,0,0,0,,
A,B,0x12,0x5E,22,100,100,0,0,0,0,0,0,,
A,B,0x12,0x67,22,100,100,0,0,0,0,0,0,,
A,B,0x12,0x2B,22,100,106,0,32,0,0,0,0,,
A,B,0x12,0x12,22,100,100,100,0,0,100,100,0,0,1129
A,B,0x12,0x34,22,100,100,0,0,0,0,0,0,,
A,B,0x34,0x5E,22,100,102,0,0,0,0,0,0,,
A,B,0x34,0x67,22,100,100,0,0,0,0,0,0,,
A,B,0x34,0x2B,22,100,100,0,0,0,0,0,0,,
A,B,0x34,0x12,22,100,100,0,0,0,0,0,0,,
A,B,0x34,0x34,22,100,100,100,0,0,100,100,0,0,1118
B,A,0x5E,0x5E,-9,100,100,100,0,0,100,100,0,-30,1085
B,A,0x5E,0x67,-9,100,101,0,0,0,0,0,0,,
B,A,0x5E,0x2B,-9,100,100,0,0,0,0,0,0,,
B,A,0x5E,0x12,-9,100,100,0,0,0,0,0,0,,
B,A,0x5E,0x34,-9,100,100,0,0,0,0,0,0,,
B,A,0x67,0x5E,-9,100,100,0,0,0,0,0,0,,
B,A,0x67,0x67,-9,100,100,100,0,0,100,100,0,-29,1084
B,A,0x67,0x2B,-9,100,100,0,0,0,0,0,0,,
B,A,0x67,0x12,-9,100,100,0,0,0,0,0,0,,
B,A,0x67,0x34,-9,100,100,0,0,0,0,0,0,,
B,A,0x2B,0x5E,-9,100,101,0,0,0,0,0,0,,
B,A,0x2B,0x67,-9,100,101,0,0,0,0,0,0,,
B,A,0x2B,0x2B,-9,100,100,100,0,0,100,100,0,-29,1086
B,A,0x2B,0x12,-9,100,100,0,17,0,0,0,0,,
B,A,0x2B,0x34,-9,100,100,0,0,0,0,0,0,,
B,A,0x12,0x5E,-9,100,100,0,0,0,0,0,0,,
B,A,0x12,0x67,-9,100,100,0,0,0,0,0,0,,
B,A,0x12,0x2B,-9,100,102,0,9,0,0,0,0,,
B,A,0x12,0x12,-9,100,100,100,0,0,100,100,0,-29,1078
B,A,0x12,0x34,-9,100,102,0,0,0,0,0,0,,
B,A,0x34,0x5E,-9,100,100,0,0,0,0,0,0,,
B,A,0x34,0x67,-9,100,101,0,0,0,0,0,0,,
B,A,0x34,0x2B,-9,100,100,0,0,0,0,0,0,,
B,A,0x34,0x12,-9,100,101,0,0,0,0,0,0,,
B,A,0x34,0x34,-9,100,100,100,0,0,100,100,0,-30,1080
B,A,0x5E,0x5E,22,100,100,100,0,0,100,100,0,0,1116
B,A,0x5E,0x67,22,100,100,0,0,0,0,0,0,,
B,A,0x5E,0x2B,22,100,100,0,0,0,0,0,0,,
B,A,0x5E,0x12,22,100,100,0,0,0,0,0,0,,
B,A,0x5E,0x34,22,100,100,0,0,0,0,0,0,,
B,A,0x67,0x5E,22,100,100,0,0,0,0,0,0,,
B,A,0x67,0x67,22,100,100,100,0,0,100,100,0,0,1117
B,A,0x67,0x2B,22,100,100,0,0,0,0,0,0,,
B,A,0x67,0x12,22,100,100,0,0,0,0,0,0,,
B,A,0x67,0x34,22,100,101,0,0,0,0,0,0,,
B,A,0x2B,0x5E,22,100,100,0,0,0,0,0,0,,
B,A,0x2B,0x67,22,100,100,0,0,0,0,0,0,,
B,A,0x2B,0x2B,22,100,100,100,0,0,100,100,0,0,1130
B,A,0x2B,0x12,22,100,100,0,14,0,0,0,0,,
B,A,0x2B,0x34,22,100,100,0,0,0,0,0,0,,
B,A,0x12,0x5E,22,100,100,0,0,0,0,0,0,,
B,A,0x12,0x67,22,100,100,0,0,0,0,0,0,,
B,A,0x12,0x2B,22,100,101,0,17,0,0,0,0,,
B,A,0x12,0x12,22,100,100,100,0,0,100,100,0,0,1120
B,A,0x12,0x34,22,100,100,0,0,0,0,0,0,,
B,A,0x34,0x5E,22,100,100,0,0,0,0,0,0,,
B,A,0x34,0x67,22,100,100,0,0,0,0,0,0,,
B,A,0x34,0x2B,22,100,100,0,0,0,0,0,0,,
B,A,0x34,0x12,22,100,100,0,0,0,0,0,0,,
B,A,0x34,0x34,22,100,100,100,0,0,100,100,0,0,1115
